{"b1_lu0": 0, "b2_lu0": 0, "b1_lu1": 4.428042662673527, "b2_lu1": 2.9520284417823515, "b1_lu2": 4.952462390630904, "b2_lu2": 1.238115597657726, "Percentage of b1_lu1": 0.6, "Percentage of b2_lu2": 0.2, "Percentage of b1_lu2": 0.8, "total_benefit_lu1": 7.380071104455879, "total_benefit_lu2": 6.19057798828863}