{"b1_lu0": 0, "b2_lu0": 0, "b1_lu1": 5.212786208924785, "b2_lu1": 3.475190805949857, "b1_lu2": 4.595318109386416, "b2_lu2": 1.148829527346604, "Percentage of b1_lu1": 0.6, "Percentage of b2_lu2": 0.2, "Percentage of b1_lu2": 0.8, "total_benefit_lu1": 8.687977014874642, "total_benefit_lu2": 5.74414763673302}