{"Costs LU0": 0, "Costs LU1": 3.001141693646169, "Costs LU2": 9.87692870228968}