{"Costs LU0": 0, "Costs LU1": 3.302077655966156, "Costs LU2": 7.795149285688495}