{"costs": [[0.0, 8.248357076505616, 7.930867849414407], [0.0, 8.323844269050346, 8.761514928204013], [0.0, 7.882923312638332, 7.88293152152541], [0.0, 8.789606407753695, 8.383717364576455], [0.0, 7.765262807032524, 8.271280021792982], [0.0, 7.768291153593768, 7.767135123214872], [0.0, 8.120981135783017, 7.043359877671101], [0.0, 7.137541083743484, 7.718856235379514], [0.0, 7.493584439832788, 8.157123666297636], [0.0, 7.545987962239394, 7.293848149332354]], "initial_landuse_types": [1, 1, 2, 1, 2, 2, 0, 2, 0, 2], "benefits": [[8.949754297739982, 13.825542542718413], [5.946560768539816, 12.238847223123674], [11.558385269030008, 7.797804487300333], [12.260456387794074, 10.746237829458837], [9.22705409887089, 7.6824595161498355], [11.132225653562081, 8.59109309924682], [7.244121392355035, 9.293766695985864], [9.077068563651633, 10.133314557017249], [9.647428676148483, 12.401785543899056], [11.396797882663444, 9.656742329547162]], "benefit1_values": [[0.0, 5.3698525786439895, 6.912771271359206], [0.0, 3.5679364611238893, 6.119423611561837], [0.0, 6.935031161418005, 3.8989022436501664], [0.0, 7.356273832676444, 5.373118914729418], [0.0, 5.536232459322533, 3.8412297580749177], [0.0, 6.679335392137248, 4.29554654962341], [0.0, 4.346472835413021, 4.646883347992932], [0.0, 5.446241138190979, 5.066657278508624], [0.0, 5.788457205689089, 6.200892771949528], [0.0, 6.838078729598066, 4.828371164773581]], "benefit2_values": [[0.0, 3.579901719095993, 6.912771271359206], [0.0, 2.3786243074159263, 6.119423611561837], [0.0, 4.623354107612004, 3.8989022436501664], [0.0, 4.90418255511763, 5.373118914729418], [0.0, 3.6908216395483557, 3.8412297580749177], [0.0, 4.452890261424833, 4.29554654962341], [0.0, 2.8976485569420145, 4.646883347992932], [0.0, 3.6308274254606534, 5.066657278508624], [0.0, 3.858971470459393, 6.200892771949528], [0.0, 4.558719153065378, 4.828371164773581]]}