{"costs": [[0.0, 34.12128855420231, 14.265789745335898], [0.0, 18.744530242058165, 5.177473387776334], [0.0, 27.95944904976189, 10.185203705552658], [0.0, 34.62631220192762, 18.86159639252732], [0.0, 20.92445810862573, -2.2450615436198635], [0.0, 25.334276576278683, 11.818950727850915], [0.0, 39.77052162638175, 9.263689148870238], [0.0, 38.36991423979563, 8.845632242893993], [0.0, 28.59452403562428, 18.156417749733336], [0.0, 30.39404645902062, 5.174151769447398]], "initial_product_types": [1, 1, 2, 0, 1, 2, 1, 0, 1, 2], "total_marketing1": [10.990441725849209, 9.20604946749184, 8.894818638972957, 10.537662310303025, 11.232727278188856, 14.081724316416107, 11.091595762651922, 10.999826059347226, 10.18810738505869, 7.617046496433868], "total_marketing2": [18.030048831214902, 16.36987471130768, 17.88333819237898, 20.02027350828567, 19.8488020974195, 18.784633243095495, 16.27894686014987, 19.619085839281684, 18.988203051140292, 18.34985922793169], "type1_values": [[0.0, 7.212019532485961, 10.818029298728941], [0.0, 6.547949884523073, 9.821924826784608], [0.0, 7.153335276951592, 10.730002915427386], [0.0, 8.008109403314268, 12.0121641049714], [0.0, 7.939520838967801, 11.909281258451701], [0.0, 7.513853297238199, 11.270779945857297], [0.0, 6.511578744059948, 9.767368116089921], [0.0, 7.847634335712674, 11.77145150356901], [0.0, 7.595281220456117, 11.392921830684175], [0.0, 7.339943691172677, 11.009915536759015]], "type2_values": [[0.0, 10.818029298728941, 7.212019532485961], [0.0, 9.821924826784608, 6.547949884523073], [0.0, 10.730002915427386, 7.153335276951592], [0.0, 12.0121641049714, 8.008109403314268], [0.0, 11.909281258451701, 7.939520838967801], [0.0, 11.270779945857297, 7.513853297238199], [0.0, 9.767368116089921, 6.511578744059948], [0.0, 11.77145150356901, 7.847634335712674], [0.0, 11.392921830684175, 7.595281220456117], [0.0, 11.009915536759015, 7.339943691172677]], "initial_costs": [34.12128855420231, 18.744530242058165, 10.185203705552658, 0.0, 20.92445810862573, 11.818950727850915, 39.77052162638175, 0.0, 28.59452403562428, 5.174151769447398], "initial_marketing1": [7.212019532485961, 6.547949884523073, 10.730002915427386, 0.0, 7.939520838967801, 11.270779945857297, 6.511578744059948, 0.0, 7.595281220456117, 11.009915536759015], "initial_marketing2": [10.818029298728941, 9.821924826784608, 7.153335276951592, 0.0, 11.909281258451701, 7.513853297238199, 9.767368116089921, 0.0, 11.392921830684175, 7.339943691172677]}