{"costs": [[0.0, 101.50706082488333, 49.77414542573428], [0.0, 88.95580682146888, 82.42804962359402], [0.0, 102.9177240901317, 87.49486564070777], [0.0, 77.5500017618775, 93.63317422169472], [0.0, 73.8389377407562, 102.32219341950056], [0.0, 161.20909230878567, 85.4180716249313], [0.0, 45.0425713914249, 85.75744864140671], [0.0, 159.07700157022634, 98.59096542838769], [0.0, 125.53169309944604, 98.04515028567845], [0.0, 98.5941317476403, 86.63360531364053], [0.0, 142.42463339194813, 85.81109533219167], [0.0, 117.41722319374276, 95.77093745407512], [0.0, 97.13213291809512, 113.17648493535201], [0.0, 96.5399844487784, 121.07949654304338], [0.0, 128.68379031065297, 86.4447176772813], [0.0, 105.75165742037883, 69.86268517508282], [0.0, 108.0375854375465, 85.61466427168293], [0.0, 132.42444963786642, 104.64750536236618], [0.0, 116.91443822105025, 130.2037598135591], [0.0, 132.34563312718828, 103.73517950767959], [0.0, 102.86078734081153, 102.15777463973728], [0.0, 109.5567697382663, 61.267760582913645], [0.0, 88.20963366810759, 137.67303091782503], [0.0, 62.720565031692274, 113.15071577336957], [0.0, 107.83338061773517, 72.13196512810717], [0.0, 117.54736608863216, 122.58090519056543], [0.0, 76.43875435294748, 123.64471244130037], [0.0, 126.0815940981106, 131.17496580899848], [0.0, 111.84592918366934, 91.1742192850054], [0.0, 91.4088145077359, 111.78748146354626], [0.0, 112.35570586847393, 96.53921940080679], [0.0, 134.27653354285337, 125.73999739911886], [0.0, 63.891918600143626, 76.47126370560393], [0.0, 88.68113875612175, 74.64616050316783], [0.0, 78.8114001552527, 66.54432562995729], [0.0, 137.3475309090496, 91.5804612529616], [0.0, 60.943139903143226, 128.81137419959003], [0.0, 123.57642609749462, 95.6573764085089], [0.0, 88.61850247238544, 110.27035390804083], [0.0, 91.92914268690905, 119.58688862788763], [0.0, 86.31971383208403, 132.93973789346273], [0.0, 108.21545185020489, 131.72308622654995], [0.0, 98.89285893734849, 40.774190333735405], [0.0, 89.15641549811484, 59.372398959390395], [0.0, 103.77835844162499, 96.91738622580749], [0.0, 106.29028285524956, 123.48661508697045], [0.0, 88.26223375804608, 69.71237100668864], [0.0, 83.52717893076972, 137.57959965784733], [0.0, 92.05048216174848, 133.64889932573288], [0.0, 84.98608455483496, 94.93147429368254]], "initial_landuse_types": [0, 0, 0, 1, 0, 2, 2, 1, 2, 2, 0, 2, 1, 0, 1, 2, 1, 1, 1, 1, 2, 0, 1, 2, 0, 1, 2, 0, 2, 0, 0, 2, 1, 2, 2, 1, 2, 1, 0, 0, 2, 2, 2, 0, 0, 0, 0, 1, 0, 2], "benefitLU1": [11.094847789185984, 10.59332271186977, 12.762409962286041, 13.059753593935858, 8.66056499745295, 7.630650847117117, 5.868989309569607, 12.301545415563664, 5.212220551091892, 10.87330029890785, 10.143060853513928, 2.6965628023085406, 7.486379633831337, 8.846074317150306, 13.926770180969502, 9.349206215093195, 18.10597404507114, 6.0151337519220895, 13.510024153885837, 11.228204324432298, 8.97671632526672, 4.361401620516482, 12.37001575918062, 7.527810744913261, 9.726223273185242, 7.676584046366488, 10.604405780469458, 12.941893957171423, 7.224508384359366, 9.889469222143607, 9.14967637143985, 9.713593640454892, 7.772361045413484, 12.990256200285474, 9.332618247972501, 13.30140066802896, 9.449952376456393, 9.285132366558587, 9.06216970500365, 7.559869266570101, 10.165124977502176, 11.371273352355704, 8.661183902031537, 9.562587202774386, 11.929237860559004, 13.06727799658102, 14.346364608812749, 11.036069911504121, 9.165372667649862, 13.176674612449508], "benefitLU2": [9.630260231192896, 11.149519991531783, 4.726132993049835, 10.554883000083416, 8.842373679939909, 10.416142124510545, 9.418905983636945, 11.824417323463084, 2.3588112901984832, 10.418039951469057, 7.557221285127527, 8.34857930933061, 11.524972327821983, 10.250053894754984, 9.774722767736952, 11.609387654468929, 7.034133928097036, 2.9467075730999426, 12.731724326364336, 10.224436900523328, 13.243233795255161, 15.928249918190486, 12.96395356763644, 8.737430129320119, 10.653072021421458, 8.20654062980078, 10.463610807906932, 10.72850672351333, 15.604285028107393, 13.370645732304425, 8.910736669190277, 15.704490388432472, 8.655631072460588, 8.43817732689678, 9.84804593024972, 8.331195233648476, 7.0961316883574215, 10.62044228920923, 7.2918373622527035, 16.08953880371915, 9.099312594180857, 11.812904506183504, 9.867497189830779, 9.697098897074465, 12.646778598792915, 13.08627666147218, 17.54311606157018, 10.6788355686868, 9.718123617831171, 6.76191758553545], "benefit1_values": [[0.0, 1.9260520462385793, 7.704208184954317], [0.0, 2.2299039983063564, 8.919615993225426], [0.0, 0.945226598609967, 3.780906394439868], [0.0, 2.1109766000166834, 8.443906400066734], [0.0, 1.768474735987982, 7.073898943951928], [0.0, 2.083228424902109, 8.332913699608437], [0.0, 1.883781196727389, 7.535124786909556], [0.0, 2.364883464692617, 9.459533858770468], [0.0, 0.4717622580396967, 1.8870490321587867], [0.0, 2.0836079902938116, 8.334431961175246], [0.0, 1.5114442570255056, 6.045777028102022], [0.0, 1.669715861866122, 6.678863447464488], [0.0, 2.3049944655643966, 9.219977862257586], [0.0, 2.050010778950997, 8.200043115803988], [0.0, 1.9549445535473904, 7.8197782141895615], [0.0, 2.321877530893786, 9.287510123575144], [0.0, 1.4068267856194074, 5.62730714247763], [0.0, 0.5893415146199885, 2.357366058479954], [0.0, 2.5463448652728675, 10.18537946109147], [0.0, 2.0448873801046656, 8.179549520418663], [0.0, 2.6486467590510325, 10.59458703620413], [0.0, 3.1856499836380974, 12.74259993455239], [0.0, 2.592790713527288, 10.371162854109151], [0.0, 1.747486025864024, 6.989944103456096], [0.0, 2.130614404284292, 8.522457617137167], [0.0, 1.6413081259601563, 6.565232503840625], [0.0, 2.0927221615813862, 8.370888646325545], [0.0, 2.1457013447026663, 8.582805378810665], [0.0, 3.120857005621479, 12.483428022485915], [0.0, 2.674129146460885, 10.69651658584354], [0.0, 1.7821473338380553, 7.128589335352221], [0.0, 3.1408980776864945, 12.563592310745978], [0.0, 1.7311262144921178, 6.924504857968471], [0.0, 1.687635465379356, 6.750541861517424], [0.0, 1.969609186049944, 7.878436744199776], [0.0, 1.6662390467296953, 6.664956186918781], [0.0, 1.4192263376714844, 5.676905350685938], [0.0, 2.124088457841846, 8.496353831367385], [0.0, 1.4583674724505409, 5.8334698898021635], [0.0, 3.2179077607438304, 12.871631042975322], [0.0, 1.8198625188361714, 7.279450075344686], [0.0, 2.3625809012367007, 9.450323604946803], [0.0, 1.973499437966156, 7.893997751864624], [0.0, 1.939419779414893, 7.757679117659572], [0.0, 2.529355719758583, 10.117422879034333], [0.0, 2.617255332294436, 10.469021329177744], [0.0, 3.5086232123140366, 14.034492849256146], [0.0, 2.13576711373736, 8.54306845494944], [0.0, 1.9436247235662343, 7.774498894264937], [0.0, 1.3523835171070901, 5.409534068428361]],