{"costs": [[0.0, 298.1770041524743, 87.89851220974856], [0.0, 286.83041212103933, 99.79592889005151], [0.0, 275.728531065237, 109.82098477223836], [0.0, 289.74342205777805, 112.86338112747819], [0.0, 310.7760817438066, 110.07393321200148], [0.0, 297.08362798664564, 97.58214885395205], [0.0, 300.4159990827245, 101.46135208033157], [0.0, 292.532406075717, 105.93267321680847], [0.0, 295.77498149093924, 106.45478706285327], [0.0, 305.7630559255715, 93.2833169505466]], "initial_landuse_types": [2, 0, 1, 1, 1, 1, 0, 1, 0, 0], "benefitLU1": [14.068967227960648, 13.369195016312483, 12.585596879188827, 9.457416668504399, 13.540174979220856, 12.742264227527002, 13.085964251884162, 12.258952067117095, 9.960801337705249, 13.700155891630095], "benefitLU2": [20.30082669987955, 18.884966260618747, 19.017739880078242, 17.575712238243742, 18.25818007355524, 18.152247870343242, 19.269953350460224, 18.53026376736489, 19.588189665134312, 17.80733447644143], "benefit1_values": [[0.0, 9.848277059572453, 12.18049601992773], [0.0, 9.358436511418738, 11.330979756371248], [0.0, 8.809917815432179, 11.410643928046944], [0.0, 6.620191667953079, 10.545427342946246], [0.0, 9.478122485454598, 10.954908044133145], [0.0, 8.919584959268901, 10.891348722205946], [0.0, 9.160174976318913, 11.561972010276135], [0.0, 8.581266446981966, 11.118158260418934], [0.0, 6.972560936393673, 11.752913799080586], [0.0, 9.590109124141065, 10.684400685864857]], "benefit2_values": [[0.0, 4.220690168388195, 8.12033067995182], [0.0, 4.0107585048937455, 7.553986504247499], [0.0, 3.7756790637566486, 7.6070959520312975], [0.0, 2.83722500055132, 7.0302848952974974], [0.0, 4.062052493766258, 7.3032720294220965], [0.0, 3.822679268258101, 7.260899148137297], [0.0, 3.9257892755652493, 7.70798134018409], [0.0, 3.677685620135129, 7.412105506945956], [0.0, 2.988240401311575, 7.835275866053725], [0.0, 4.110046767489029, 7.122933790576572]], "Total_ESS1": 54.589579395018454, "Total_ESS2": 26.295652126419277}