{"costs": [[0.0, 311.2683618766884, 86.47896633832951], [0.0, 296.4475234991284, 102.54017242181006], [0.0, 300.68964147159426, 105.96138782093713], [0.0, 293.5010221591682, 107.34367838314978], [0.0, 272.65787011407076, 97.2266199480294], [0.0, 289.1574446504138, 110.33539398510544], [0.0, 316.7972094303232, 100.5719546364981], [0.0, 298.29773610307234, 93.38670338356566], [0.0, 317.2307348213754, 88.95766032705623], [0.0, 288.60075026961806, 108.38618393420163]], "initial_landuse_types": [2, 1, 0, 1, 1, 1, 0, 0, 1, 1], "benefitLU1": [10.701468921064608, 13.969308437951907, 11.133691269566315, 10.921299597802811, 11.181133509301686, 15.057418551176898, 13.34510917217462, 11.994507410834466, 13.807867888114943, 14.456332140776919], "benefitLU2": [18.98353243110693, 19.258231671721187, 17.83406684043599, 19.11937584713299, 19.83059566196204, 20.293876758470244, 19.291715291810913, 19.045275639252846, 19.835168385365197, 19.832152048592793], "benefit1_values": [[0.0, 7.593412972442772, 11.390119458664158], [0.0, 7.7032926686884755, 11.554939003032713], [0.0, 7.133626736174397, 10.700440104261594], [0.0, 7.647750338853196, 11.471625508279793], [0.0, 7.932238264784816, 11.898357397177223], [0.0, 8.117550703388098, 12.176326055082146], [0.0, 7.716686116724365, 11.575029175086547], [0.0, 7.618110255701139, 11.427165383551708], [0.0, 7.934067354146079, 11.901101031219119], [0.0, 7.932860819437117, 11.899291229155676]], "benefit2_values": [[0.0, 11.390119458664158, 7.593412972442772], [0.0, 11.554939003032713, 7.7032926686884755], [0.0, 10.700440104261594, 7.133626736174397], [0.0, 11.471625508279793, 7.647750338853196], [0.0, 11.898357397177223, 7.932238264784816], [0.0, 12.176326055082146, 8.117550703388098], [0.0, 11.575029175086547, 7.716686116724365], [0.0, 11.427165383551708, 7.618110255701139], [0.0, 11.901101031219119, 7.934067354146079], [0.0, 11.899291229155676, 7.932860819437117]], "Total_ESS1": 58.65787960796194, "Total_ESS2": 78.49505319638943}