{"costs": [[0.0, 482.5786750339813, 272.14059639676964], [0.0, 336.38874032037745, 342.4733132344812], [0.0, 15.321795194662911, 230.64602294802046], [0.0, 147.36967772683715, 292.7419496934881], [0.0, 338.1060588430579, 379.66077480340084], [0.0, 130.98891605172855, 255.52091564884523], [0.0, 274.0716128164195, 425.5294656201414], [0.0, 253.01891815390667, 351.9967915852917], [0.0, 241.1571028920612, 310.0919941398765], [0.0, 264.92723600764305, 545.3671331445869], [0.0, 263.8429372337776, 413.0577432001242], [0.0, 195.1498731033382, 221.81156180769864], [0.0, 432.8244831721298, 297.50264891607225], [0.0, 264.81463103724667, 32.92870046067111], [0.0, 172.1704790797435, 448.944815089302], [0.0, 288.9598811659752, 166.73247416121768], [0.0, 358.33687717496315, 93.18931425852199], [0.0, 210.9298302679378, 189.50059817005268], [0.0, 336.4335280206375, 336.1453534001044], [0.0, 245.64558101844784, 118.96726426646322], [0.0, 663.7891328946298, 381.1603186369879], [0.0, 190.17473752597382, 273.96922936323017], [0.0, 462.03077932642066, 173.60274685202165], [0.0, -140.6550601987936, 339.83017629381817], [0.0, -16.44410739654103, 438.741491871817], [0.0, 516.8394574345265, 140.4137044445067], [0.0, 190.38881393216127, 250.61589982284562], [0.0, 430.98074802570085, 496.5820902819694], [0.0, 377.03352146337954, 172.6967944252837], [0.0, -232.8227791812143, 197.8472541543632], [0.0, 0.6112610511522689, 212.04319816200427], [0.0, 406.61052981272223, 56.39999509931201], [0.0, 324.3935807616729, 389.92603514746145], [0.0, 70.94218825031822, 332.37573387382116], [0.0, 519.1306685330572, 254.7529094090919]], "initial_landuse_types": [1, 2, 0, 0, 2, 0, 2, 0, 1, 0, 2, 1, 2, 2, 0, 0, 0, 1, 0, 1, 2, 0, 1, 0, 0, 0, 1, 2, 2, 2, 0, 2, 2, 2, 2], "benefitLU1": [10.104898188433848, 8.120468284169156, 6.722148264491034, 16.174594784667242, 15.205334716657784, 8.116027435873702, 13.012525452378918, 7.342431114584867, 14.350413265604455, 1.1356930133417205, 5.551497406701811, 5.490453391592716, 6.7260783671813815, 11.062124287599035, 2.5280550311676944, 14.529408894285925, -1.2965355159809597, 4.404749048114248, 14.900376825323495, 13.706690835976058, 10.773742566170505, 19.87413728163999, 13.161397531719505, 7.390150069196112, 7.90635391434623, 1.7694750126437082, 2.378529333487707, 8.496191104023655, 16.77953480472512, 9.19539577633087, 9.343139626431466, 3.467079284445126, 9.341621126981021, 8.891332296476609, 7.243161612720623], "benefitLU2": [6.202210136577332, -3.828424871763014, 1.1045108378888795, 2.530398850358184, 2.9620569525621505, 0.056201204746402667, 16.7635937752733, 4.197306722486223, 11.264306275138903, 19.000836676709532, 10.79297290903944, 9.721844978013426, 13.633983169962868, 8.875898011938382, 11.181216026546295, 13.24041554356068, 9.637291601498985, 7.017590234594799, 9.191165725298594, 13.809631208375055, 9.021603142079803, 15.566996998573412, 9.099835318329339, 9.508782425432907, 12.638817356874354, 22.507550950824452, 16.392892792322133, 10.262668242544493, 15.161788065163691, 7.5468395320639186, 4.761882551994177, 14.356535017640507, 4.993540643451359, 10.383493657214567, 9.093320522520282], "benefit1_values": [[0.0, 4.9617681092618655, 1.2404420273154664], [0.0, -3.0627398974104114, -0.7656849743526029], [0.0, 0.8836086703111037, 0.22090216757777592], [0.0, 2.024319080286547, 0.5060797700716367], [0.0, 2.3696455620497203, 0.5924113905124301], [0.0, 0.04496096379712214, 0.011240240949280535], [0.0, 13.41087502021864, 3.35271875505466], [0.0, 3.3578453779889785, 0.8394613444972446], [0.0, 9.011445020111124, 2.252861255027781], [0.0, 15.200669341367627, 3.8001673353419068], [0.0, 8.634378327231552, 2.158594581807888], [0.0, 7.777475982410741, 1.9443689956026853], [0.0, 10.907186535970295, 2.7267966339925738], [0.0, 7.100718409550706, 1.7751796023876765], [0.0, 8.944972821237036, 2.236243205309259], [0.0, 10.592332434848544, 2.648083108712136], [0.0, 7.709833281199188, 1.927458320299797], [0.0, 5.6140721876758395, 1.4035180469189599], [0.0, 7.352932580238876, 1.838233145059719], [0.0, 11.047704966700046, 2.7619262416750114], [0.0, 7.217282513663843, 1.8043206284159607], [0.0, 12.45359759885873, 3.1133993997146825], [0.0, 7.279868254663471, 1.8199670636658678], [0.0, 7.607025940346325, 1.9017564850865813], [0.0, 10.111053885499484, 2.527763471374871], [0.0, 18.006040760659562, 4.501510190164891], [0.0, 13.114314233857707, 3.2785785584644267], [0.0, 8.210134594035594, 2.0525336485088985], [0.0, 12.129430452130954, 3.0323576130327385], [0.0, 6.037471625651135, 1.5093679064127838], [0.0, 3.809506041595342, 0.9523765103988355], [0.0, 11.485228014112407, 2.8713070035281016], [0.0, 3.9948325147610877, 0.9987081286902719], [0.0, 8.306794925771653, 2.0766987314429133], [0.0, 7.274656418016225, 1.8186641045040564]], "benefit2_values": [[0.0, 1.2404420273154662, 4.9617681092618655], [0.0, -0.7656849743526026, -3.0627398974104114], [0.0, 0.22090216757777584, 0.8836086703111037], [0.0, 0.5060797700716366, 2.024319080286547], [0.0, 0.59241139051243, 2.3696455620497203], [0.0, 0.011240240949280531, 0.04496096379712214], [0.0, 3.352718755054659, 13.41087502021864], [0.0, 0.8394613444972444, 3.3578453779889785], [0.0, 2.25286125502778, 9.011445020111124], [0.0, 3.8001673353419054, 15.200669341367627], [0.0, 2.1585945818078875, 8.634378327231552], [0.0, 1.9443689956026846, 7.777475982410741], [0.0, 2.726796633992573, 10.907186535970295], [0.0, 1.775179602387676, 7.100718409550706], [0.0, 2.2362432053092585, 8.944972821237036], [0.0, 2.6480831087121355, 10.592332434848544], [0.0, 1.9274583202997966, 7.709833281199188], [0.0, 1.4035180469189594, 5.6140721876758395], [0.0, 1.8382331450597185, 7.352932580238876], [0.0, 2.7619262416750106, 11.047704966700046], [0.0, 1.80432062841596, 7.217282513663843], [0.0, 3.1133993997146816, 12.45359759885873], [0.0, 1.8199670636658674, 7.279868254663471], [0.0, 1.901756485086581, 7.607025940346325], [0.0, 2.52776347137487, 10.111053885499484], [0.0, 4.50151019016489, 18.006040760659562], [0.0, 3.278578558464426, 13.114314233857707], [0.0, 2.052533648508898, 8.210134594035594], [0.0, 3.0323576130327377, 12.129430452130954], [0.0, 1.5093679064127834, 6.037471625651135], [0.0, 0.9523765103988353, 3.809506041595342], [0.0, 2.8713070035281008, 11.485228014112407], [0.0, 0.9987081286902716, 3.9948325147610877], [0.0, 2.076698731442913, 8.306794925771653], [0.0, 1.818664104504056, 7.274656418016225]], "Total_ESS1": 84.81062250861913, "Total_ESS2": 118.71755720442358}