{"costs": [[0.0, 90.29690575682397, 27.456514877369756], [0.0, 215.67854321045365, 88.96256068299436], [0.0, 83.03134545698231, 46.57598893206668], [0.0, 60.8662452008851, 112.50100620814356], [0.0, 198.68354640927765, 69.35877400074381], [0.0, 104.82674612653805, 143.01138585874017], [0.0, 174.09337184382704, 124.0115865429443], [0.0, 94.80731633931853, 56.64460550614911], [0.0, 78.69456401780232, 15.819563734904676], [0.0, 94.0073258726859, 69.50400482257788], [0.0, 136.54063108292598, 114.63969601237002], [0.0, 204.151114034497, 90.88173719168277], [0.0, 43.04212515921745, 62.84688485178041], [0.0, 138.6212722096969, 160.94946448136105], [0.0, 147.01682156895475, 24.069679905167135], [0.0, 57.95339298513358, 18.22608239466861], [0.0, 2.992374980492528, 92.90462492756096], [0.0, 31.181875840068102, 114.09045472569362], [0.0, 65.67711131328423, 65.20277539535206], [0.0, 106.92488953813267, 167.96258037258022], [0.0, 134.6078891419559, 190.40537915354946], [0.0, 112.8351896096642, 66.12163496935096], [0.0, 62.91541704115999, 55.60774608056588], [0.0, 23.38059533533405, 132.29877851992146], [0.0, 24.729090292059055, 124.10645485574807], [0.0, 57.16512684797476, 173.3731706625253], [0.0, 102.19391271302956, 104.9188784919345], [0.0, 106.25422933271703, 57.57094597813728], [0.0, 164.62393317064542, 90.69157554475355], [0.0, 66.99342843484877, 123.3376503501464], [0.0, 152.4005094375745, 166.25817636246006], [0.0, 44.36813139997471, 64.79620661593565], [0.0, 5.813640914441194, 59.51347675538615], [0.0, 77.88420035766413, 147.08790770082135], [0.0, 165.4325239486427, 33.94729387044886], [0.0, 113.86450325016175, 154.1182246549718], [0.0, 168.82868719113114, 117.93619619955044], [0.0, 64.67003767498906, 69.40955401927829], [0.0, 52.67761147028041, 87.31319495271802], [0.0, 125.15921108800346, 22.683896089458116], [0.0, 171.4139228930851, 168.7033713061219], [0.0, 150.44423997943247, 58.547970360270966], [0.0, 129.25173809447122, 37.10584444253858], [0.0, 140.50781530454213, 38.24266693183773], [0.0, 33.64182898679313, 150.9550713961783], [0.0, 124.68318440266104, 136.84368231954068], [0.0, 81.16458613681188, 157.50740071144904], [0.0, 119.95271880061011, 91.65382470953487]], "initial_landuse_types": [1, 0, 2, 2, 1, 1, 0, 1, 2, 0, 2, 1, 1, 2, 2, 0, 2, 1, 1, 0, 1, 1, 0, 2, 0, 0, 2, 1, 1, 2, 1, 2, 0, 0, 2, 1, 0, 0, 0, 2, 2, 0, 0, 1, 2, 2, 1, 0], "benefitLU1": [30.517844483174457, 7.108904446082025, 44.86238539713178, 35.85767389185676, 1.02386730409998, 28.578249572780273, 10.336246117587358, 44.03845040682768, 8.57117825506775, 47.085860313707435, 44.55919215337745, 33.35988210752893, 10.406731083228593, 41.7634350769065, 8.111088157625755, 26.09896065033018, 39.908705956007424, 35.76322579392066, 27.94214513602413, 36.66978826774635, 14.834142930478029, 7.017445932998573, 53.56405601773942, 41.92186532330152, 49.934769159515845, 34.41242958133317, 9.550808848083786, 37.87575112575311, 56.99716249782428, 12.12486435179202, 25.151045167155026, 36.84954301335997, 42.95427646712906, 44.552283454624174, 38.612478054023455, 23.725964668987523, 18.244520486740925, 45.442394939457955, 22.40548600832808, 11.713034008735448, 8.988222655659719, 18.07245155417291, 18.431991599257323, 64.89323253288076, 25.21270264820746, 11.761689034309974, 28.744236666472688, 11.221243064205858], "benefitLU2": [5.366803843598279, 4.668243330171152, 20.688597407028908, 14.701210265337682, 7.42924688161217, 1.2667607000127532, 4.119316736733502, 9.754236666464353, 4.721052733542538, 5.254227020933347, 12.22778497467774, 8.21598073265288, 12.223893385061695, 7.243471425693024, 16.094457002362894, 12.863619160212142, 14.679314625242135, 12.000015625716532, 7.975250140453083, 12.25877376335784, 6.3673629477621905, 1.0722400695218255, 6.192201778414315, 10.805699891843751, 6.709765014343794, 9.836103304070265, 11.934474358364252, 15.394064773558169, 1.8819966131381562, 16.047419560545844, 14.234833760417782, 10.357645004453804, 3.2739794111253593, 8.247124324434663, 9.32681860783384, 1.8505228019044644, 14.615575056549448, 16.209614344788623, 6.621667947045068, 7.402595273412759, 14.695903192036239, 3.95069091644992, 17.890121104324543, 7.75964613695475, 2.96551428371306, 14.314040900748678, 6.476312702374793, 12.583309171379154], "benefit1_values": [[0.0, 6.103568896634892, 1.0733607687196558], [0.0, 1.4217808892164052, 0.9336486660342305], [0.0, 8.972477079426357, 4.137719481405782], [0.0, 7.171534778371353, 2.9402420530675366], [0.0, 0.204773460819996, 1.485849376322434], [0.0, 5.715649914556055, 0.25335214000255063], [0.0, 2.0672492235174715, 0.8238633473467005], [0.0, 8.807690081365536, 1.9508473332928706], [0.0, 1.7142356510135501, 0.9442105467085077], [0.0, 9.417172062741487, 1.0508454041866695], [0.0, 8.911838430675491, 2.445556994935548], [0.0, 6.671976421505787, 1.6431961465305762], [0.0, 2.0813462166457186, 2.444778677012339], [0.0, 8.3526870153813, 1.4486942851386049], [0.0, 1.622217631525151, 3.218891400472579], [0.0, 5.219792130066036, 2.5727238320424286], [0.0, 7.981741191201485, 2.9358629250484274], [0.0, 7.152645158784132, 2.4000031251433067], [0.0, 5.5884290272048265, 1.5950500280906166], [0.0, 7.33395765354927, 2.4517547526715684], [0.0, 2.966828586095606, 1.2734725895524381], [0.0, 1.4034891865997148, 0.2144480139043651], [0.0, 10.712811203547885, 1.2384403556828631], [0.0, 8.384373064660304, 2.1611399783687504], [0.0, 9.98695383190317, 1.3419530028687587], [0.0, 6.882485916266635, 1.9672206608140532], [0.0, 1.9101617696167574, 2.3868948716728506], [0.0, 7.575150225150622, 3.078812954711634], [0.0, 11.399432499564856, 0.37639932262763126], [0.0, 2.4249728703584044, 3.209483912109169], [0.0, 5.030209033431006, 2.8469667520835564], [0.0, 7.369908602671995, 2.0715290008907608], [0.0, 8.590855293425813, 0.6547958822250719], [0.0, 8.910456690924835, 1.6494248648869327], [0.0, 7.722495610804692, 1.865363721566768], [0.0, 4.7451929337975045, 0.3701045603808929], [0.0, 3.648904097348185, 2.9231150113098896], [0.0, 9.088478987891591, 3.2419228689577246], [0.0, 4.481097201665616, 1.3243335894090136], [0.0, 2.3426068017470896, 1.480519054682552], [0.0, 1.7976445311319438, 2.939180638407248], [0.0, 3.6144903108345825, 0.7901381832899841], [0.0, 3.686398319851465, 3.5780242208649087], [0.0, 12.978646506576153, 1.55192922739095], [0.0, 5.042540529641492, 0.593102856742612], [0.0, 2.352337806861995, 2.862808180149736], [0.0, 5.748847333294538, 1.2952625404749587], [0.0, 2.244248612841172, 2.516661834275831]],