{"costs": [[0.0, 40.352175788885035, 40.66195643760855], [0.0, 39.88607391869369, 41.0361810746592], [0.0, 40.81113666869727, 40.02334211364721], [0.0, 39.90346308979548, 39.999156865055895], [0.0, 37.355645233996206, 41.10937244867414], [0.0, 39.106354609654225, 39.02206764987085], [0.0, 41.4877161698412, 41.18126782094453], [0.0, 41.25400977689007, 41.74752600175594], [0.0, 39.26119985511713, 39.635219550182434], [0.0, 39.95764947532862, 40.9954390639411]], "initial_landuse_types": [0, 0, 0, 1, 0, 2, 0, 0, 1, 2], "benefits": [[15.193109094295734], [13.90109250700242], [15.476134490929512], [17.11163533096783], [14.679972344042653], [14.548585708635558], [16.45262905288887], [15.115276435466944], [15.49928368300278], [19.803229803542838]], "benefit1": [[0.0, 9.11586545657744, 7.596554547147867], [0.0, 8.340655504201452, 6.95054625350121], [0.0, 9.285680694557707, 7.738067245464756], [0.0, 10.266981198580696, 8.555817665483914], [0.0, 8.807983406425592, 7.339986172021327], [0.0, 8.729151425181335, 7.274292854317779], [0.0, 9.871577431733321, 8.226314526444435], [0.0, 9.069165861280165, 7.557638217733472], [0.0, 9.299570209801667, 7.74964184150139], [0.0, 11.881937882125703, 9.901614901771419]], "benefit2": [[0.0, 6.0772436377182935, 7.596554547147867], [0.0, 5.560437002800969, 6.95054625350121], [0.0, 6.190453796371806, 7.738067245464756], [0.0, 6.844654132387132, 8.555817665483914], [0.0, 5.871988937617061, 7.339986172021327], [0.0, 5.819434283454224, 7.274292854317779], [0.0, 6.581051621155549, 8.226314526444435], [0.0, 6.046110574186778, 7.557638217733472], [0.0, 6.199713473201112, 7.74964184150139], [0.0, 7.921291921417136, 9.901614901771419]]}