{"costs": [[0.0, 120.2193243805074, 113.15022487080387], [0.0, 82.84640705381761, 142.45558978063312], [0.0, 93.99757888181809, 64.86669982864007], [0.0, 80.42071567147711, 9.967140364590932], [0.0, 86.19851858837413, 70.67823385165292], [0.0, 111.86341218714533, 26.136994328151246], [0.0, 70.39648268989677, 138.18239431872462], [0.0, 88.11067717189788, 95.12887229048212], [0.0, 106.1586495147739, 125.4079617448923], [0.0, 79.89722189292569, 112.61113543160548], [0.0, 105.70974596882266, 105.58469739720756], [0.0, 38.031386659619606, 143.76290538836784], [0.0, 5.9759592723806065, 95.86970049823388], [0.0, 127.927422654227, 154.457488333551], [0.0, 56.8923833852303, 120.22694297685926], [0.0, 76.2789850306415, 126.42492002224049], [0.0, 48.44190301386079, 65.06765497218834], [0.0, 108.58175454334767, 91.56154741336297], [0.0, 83.26795863620744, 93.85441129441202], [0.0, 88.30498334773931, 188.25492451639826], [0.0, 159.8875051545403, 94.64484880045728], [0.0, 94.87151511670346, 170.9502764091526], [0.0, 118.70000294269863, 52.4598689636511], [0.0, 33.27859409540592, 108.63180046102681], [0.0, 89.74643873972614, 170.14242389929692], [0.0, 48.77179469910761, 28.491264005869724], [0.0, 22.124464546731318, 41.40029137426852], [0.0, 58.871533588519604, 166.09691386554104], [0.0, 195.43782927707724, 198.36959491044365], [0.0, 98.53392848869562, 115.9397417476787], [0.0, 78.30558374388595, 57.34369514044172], [0.0, 175.48793518910625, 112.52430357524547], [0.0, 53.36898872613263, 145.1350514107665], [0.0, 124.45785482217315, 113.91479787970736], [0.0, 116.50225228175958, 103.73351205157564], [0.0, 11.090911756900425, 189.26076254701917], [0.0, 74.99926263448921, 117.79387605845038], [0.0, 98.90103378964494, 131.74901480661242], [0.0, 135.78157451250087, 79.6199450806517], [0.0, 91.84387982547958, 123.00427147337982], [0.0, 112.03012654956893, 65.87223889006526], [0.0, 120.46151477921896, 71.81269138349876], [0.0, 107.28411971131126, 20.209353706925953], [0.0, 52.48982892995457, 130.18268606445037], [0.0, 149.58716996426745, 34.35457673384772], [0.0, 119.53874454718448, 46.79789068799637], [0.0, 26.811167443307127, 89.54121431316356], [0.0, 127.47681863527256, 36.2484046253927]], "initial_landuse_types": [2, 2, 0, 2, 2, 1, 2, 0, 1, 0, 0, 0, 1, 1, 1, 2, 1, 0, 2, 1, 1, 0, 2, 1, 1, 0, 0, 2, 1, 0, 0, 2, 1, 2, 0, 2, 2, 1, 0, 1, 2, 0, 0, 2, 0, 2, 1, 1], "benefitLU1": [49.12406806580479, 38.093692374243005, 40.02784607778623, 14.42742662041688, 44.27182533156345, 13.694633643452963, 45.699900063426014, 38.96528975121566, 27.452503490915646, 25.392604973823623, 10.144528032077016, 30.995212590193, 40.27999630109141, 18.09181071370644, 35.5501332910856, 41.49150163960564, 32.831373942024804, 38.44973255997768, 7.497426269504494, 2.4270412656051548, 36.04125162627349, 6.990115148841355, 56.169988655258116, 17.70854481065819, 34.514047253615175, 38.72290445793107, 58.50750316211444, 13.351596308061879, 38.97889512532348, 8.581241278043159, 54.118874432466065, 29.325267034551356, 54.3190192903677, 36.4075571738741, 14.940637560706692, 45.663077845417845, 55.66656347786435, 29.507234881303177, 34.565445606869076, 20.19159698875019, 19.81382937934422, 34.32311834760886, 23.751806586621214, 35.07319339072344, 7.4312351081367005, 36.01216686797558, 4.874115568893416, 38.37005666892948], "benefitLU2": [15.972692072786625, 5.523705819505985, 9.948107424260924, 8.988841916505137, 2.3133167554961354, 12.217257322096348, 16.265886435811474, 11.600309525396113, 7.473593379798698, 19.310076832401037, 9.639248981408064, 7.3889735578444995, 2.734830471105796, 6.913650747253179, 3.4543578255274703, 11.913541431755627, 7.201401880826332, 3.8778465606975008, 9.383187113574111, 14.110128517214767, 3.390993983006042, 4.2841933329661845, 6.834348816373915, 10.663894514512004, 10.83607897906002, 1.5799746985111902, 13.481085401928114, 10.763587613089841, 19.89532973669852, 5.280778056286452, 5.772839776115919, 15.049583355837258, 11.449906514813335, 16.639854508278574, 1.5752288789420952, 12.034233749646038, 9.168648475483234, 7.536523376486311, 15.033249094888113, 14.750146016462796, 11.980906313213836, 2.979171970657662, 13.171635459614583, 4.659951394731453, 8.401594043095148, 9.176032294153341, 16.59469786366683, 12.58688634297713], "benefit1_values": [[0.0, 9.82481361316096, 3.194538414557325], [0.0, 7.618738474848602, 1.104741163901197], [0.0, 8.005569215557246, 1.9896214848521847], [0.0, 2.885485324083376, 1.7977683833010276], [0.0, 8.85436506631269, 0.46266335109922707], [0.0, 2.738926728690593, 2.4434514644192697], [0.0, 9.139980012685204, 3.253177287162295], [0.0, 7.793057950243131, 2.3200619050792226], [0.0, 5.49050069818313, 1.4947186759597397], [0.0, 5.078520994764725, 3.8620153664802075], [0.0, 2.028905606415403, 1.927849796281613], [0.0, 6.1990425180386, 1.4777947115689], [0.0, 8.055999260218282, 0.5469660942211592], [0.0, 3.6183621427412884, 1.3827301494506359], [0.0, 7.11002665821712, 0.6908715651054941], [0.0, 8.298300327921128, 2.3827082863511255], [0.0, 6.566274788404961, 1.4402803761652665], [0.0, 7.689946511995537, 0.7755693121395002], [0.0, 1.499485253900899, 1.8766374227148224], [0.0, 0.485408253121031, 2.8220257034429537], [0.0, 7.208250325254699, 0.6781987966012084], [0.0, 1.398023029768271, 0.8568386665932369], [0.0, 11.233997731051623, 1.366869763274783], [0.0, 3.541708962131638, 2.132778902902401], [0.0, 6.902809450723035, 2.167215795812004], [0.0, 7.744580891586215, 0.3159949397022381], [0.0, 11.701500632422889, 2.696217080385623], [0.0, 2.670319261612376, 2.1527175226179684], [0.0, 7.7957790250646966, 3.9790659473397043], [0.0, 1.7162482556086318, 1.0561556112572903], [0.0, 10.823774886493213, 1.154567955223184], [0.0, 5.865053406910271, 3.009916671167452], [0.0, 10.86380385807354, 2.289981302962667], [0.0, 7.281511434774821, 3.327970901655715], [0.0, 2.9881275121413386, 0.3150457757884191], [0.0, 9.132615569083569, 2.406846749929208], [0.0, 11.13331269557287, 1.8337296950966469], [0.0, 5.901446976260636, 1.5073046752972623], [0.0, 6.913089121373815, 3.006649818977623], [0.0, 4.038319397750039, 2.9500292032925595], [0.0, 3.962765875868844, 2.3961812626427674], [0.0, 6.864623669521773, 0.5958343941315324], [0.0, 4.750361317324243, 2.6343270919229167], [0.0, 7.0146386781446886, 0.9319902789462907], [0.0, 1.4862470216273402, 1.6803188086190297], [0.0, 7.202433373595117, 1.8352064588306682], [0.0, 0.9748231137786831, 3.3189395727333664], [0.0, 7.674011333785896, 2.517377268595426]],