{"costs": [[0.0, 306.3544404183027, 107.72129398642478], [0.0, 307.5798863008714, 97.71466499786246], [0.0, 292.3370925418599, 101.48364947113102], [0.0, 300.7125536968423, 118.98836792461647]], "initial_landuse_types": [2, 0, 2, 0], "benefitLU1": [12.628133060662096, 12.241449415888734, 8.77804828608421, 11.654638624061535], "benefitLU2": [19.42291470782653, 18.757674263030363, 19.922806997735375, 19.986408669254345], "benefit1_values": [[0.0, 8.839693142463467, 11.653748824695917], [0.0, 8.569014591122114, 11.254604557818217], [0.0, 6.144633800258947, 11.953684198641225], [0.0, 8.158247036843074, 11.991845201552607]], "benefit2_values": [[0.0, 3.7884399181986295, 7.769165883130611], [0.0, 3.6724348247666208, 7.503069705212146], [0.0, 2.6334144858252637, 7.9691227990941504], [0.0, 3.496391587218461, 7.994563467701738]], "Total_ESS1": 23.607433023337144, "Total_ESS2": 15.738288682224763}