{"lu0": {"cost0": 0, "b1_lu0": 0, "b2_lu0": 0}, "lu1": {"c1": 3.001141693646169, "b1_lu1": 4.428042662673527, "b2_lu1": 2.9520284417823515}, "lu2": {"c2": 9.87692870228968, "b1_lu2": 4.952462390630904, "b2_lu2": 1.238115597657726}}