{"lu0": {"cost0": 0, "b1_lu0": 0, "b2_lu0": 0}, "lu1": {"c1": 3.302077655966156, "b1_lu1": 5.212786208924785, "b2_lu1": 3.475190805949857}, "lu2": {"c2": 7.795149285688495, "b1_lu2": 4.595318109386416, "b2_lu2": 1.148829527346604}}