{"assigned_product_types": [2, 1, 0, 1, 2, 0, 0, 2, 0, 0], "location_costs": [40.14404357116088, 70.80031441673445, 0.0, 74.48178639840292, 40.44386323274543, 0.0, 0.0, 39.7948417362342, 0.0, 0.0], "location_marketing1": [3.2619789702787667, 6.922894876352288, 0.0, 5.8062679836748465, 3.060835140269539, 0.0, 0.0, 3.6809519395137644, 0.0, 0.0], "location_marketing2": [4.892968455418149, 1.730723719088072, 0.0, 1.4515669959187116, 4.591252710404309, 0.0, 0.0, 5.521427909270646, 0.0, 0.0]}