{"total_benefit_1": 343.14088059228663, "total_benefit_2": 96.64519141666496}