{"total_benefit_1": 397.7112003844161, "total_benefit_2": 128.94808451392754}